Time,Driver,DriverNumber,LapTime,LapNumber,Stint,PitOutTime,PitInTime,Sector1Time,Sector2Time,Sector3Time,Sector1SessionTime,Sector2SessionTime,Sector3SessionTime,SpeedI1,SpeedI2,SpeedFL,SpeedST,IsPersonalBest,Compound,TyreLife,FreshTyre,Team,LapStartTime,LapStartDate,TrackStatus,Position,Deleted,DeletedReason,FastF1Generated,IsAccurate,AirTemp,Humidity,Pressure,Rainfall,TrackTemp,WindDirection,WindSpeed
0 days 00:21:49.007000,PER,11,0 days 00:01:28.147000,7.0,1.0,,,0 days 00:00:24.602000,0 days 00:00:33.482000,0 days 00:00:30.063000,0 days 00:20:45.477000,0 days 00:21:18.959000,0 days 00:21:49.022000,243.0,224.0,281.0,324.0,True,SOFT,6.0,True,Force India,0 days 00:20:20.860000,2018-05-13 13:26:27.684,1,13.0,False,,False,True,16.7,51.5,1001.3,False,36.6,37,0.9
0 days 00:23:15.864000,PER,11,0 days 00:01:26.857000,8.0,1.0,,,0 days 00:00:24.410000,0 days 00:00:33.059000,0 days 00:00:29.388000,0 days 00:22:13.432000,0 days 00:22:46.491000,0 days 00:23:15.879000,244.0,228.0,280.0,323.0,True,SOFT,7.0,True,Force India,0 days 00:21:49.007000,2018-05-13 13:27:55.831,1,13.0,False,,False,True,16.3,50.9,1001.4,False,36.7,52,1.0
0 days 00:43:00.743000,PER,11,0 days 00:01:23.845000,22.0,1.0,,,0 days 00:00:23.503000,0 days 00:00:31.564000,0 days 00:00:28.778000,0 days 00:42:00.416000,0 days 00:42:31.980000,0 days 00:43:00.758000,269.0,263.0,277.0,309.0,False,SOFT,21.0,True,Force India,0 days 00:41:36.898000,2018-05-13 13:47:43.722,1,10.0,False,,False,True,15.7,52.8,1001.5,False,29.7,57,2.5
0 days 01:06:54.506000,PER,11,0 days 00:01:24.038000,39.0,2.0,,,0 days 00:00:23.222000,0 days 00:00:31.813000,0 days 00:00:29.003000,0 days 01:05:53.705000,0 days 01:06:25.518000,0 days 01:06:54.521000,267.0,208.0,279.0,309.0,False,MEDIUM,13.0,True,Force India,0 days 01:05:30.468000,2018-05-13 14:11:37.292,12,10.0,False,,False,True,15.9,51.7,1001.6,False,32.2,27,1.1
0 days 01:34:17.127000,PER,11,0 days 00:01:22.003000,58.0,3.0,,,0 days 00:00:22.676000,0 days 00:00:31.206000,0 days 00:00:28.121000,0 days 01:33:17.815000,0 days 01:33:49.021000,0 days 01:34:17.142000,270.0,260.0,282.0,339.0,False,SOFT,24.0,False,Force India,0 days 01:32:55.124000,2018-05-13 14:39:01.948,1,9.0,False,,False,True,16.9,49.5,1001.6,False,32.9,64,2.5
0 days 01:35:39.601000,PER,11,0 days 00:01:22.474000,59.0,3.0,,,0 days 00:00:23.179000,0 days 00:00:31.068000,0 days 00:00:28.227000,0 days 01:34:40.321000,0 days 01:35:11.389000,0 days 01:35:39.616000,,249.0,284.0,315.0,False,SOFT,25.0,False,Force India,0 days 01:34:17.127000,2018-05-13 14:40:23.951,1,9.0,False,,False,True,16.7,50.4,1001.5,False,32.4,279,2.2
0 days 01:37:02.473000,PER,11,0 days 00:01:22.872000,60.0,3.0,,,0 days 00:00:23.615000,0 days 00:00:31.200000,0 days 00:00:28.057000,0 days 01:36:03.231000,0 days 01:36:34.431000,0 days 01:37:02.488000,268.0,257.0,280.0,316.0,False,SOFT,26.0,False,Force India,0 days 01:35:39.601000,2018-05-13 14:41:46.425,1,9.0,False,,False,True,17.0,49.1,1001.5,False,32.4,52,2.4
0 days 01:38:24.785000,PER,11,0 days 00:01:22.312000,61.0,3.0,,,0 days 00:00:23.425000,0 days 00:00:30.900000,0 days 00:00:27.987000,0 days 01:37:25.913000,0 days 01:37:56.813000,0 days 01:38:24.800000,273.0,262.0,281.0,309.0,False,SOFT,27.0,False,Force India,0 days 01:37:02.473000,2018-05-13 14:43:09.297,1,9.0,False,,False,True,17.0,50.1,1001.6,False,32.3,64,2.2
0 days 01:39:47.041000,PER,11,0 days 00:01:22.256000,62.0,3.0,,,0 days 00:00:23.292000,0 days 00:00:30.840000,0 days 00:00:28.124000,0 days 01:38:48.092000,0 days 01:39:18.932000,0 days 01:39:47.056000,,254.0,281.0,,False,SOFT,28.0,False,Force India,0 days 01:38:24.785000,2018-05-13 14:44:31.609,1,9.0,False,,False,True,17.1,49.6,1001.6,False,31.6,65,2.3
0 days 01:41:09.644000,PER,11,0 days 00:01:22.603000,63.0,3.0,,,0 days 00:00:23.524000,0 days 00:00:30.874000,0 days 00:00:28.205000,0 days 01:40:10.580000,0 days 01:40:41.454000,0 days 01:41:09.659000,269.0,263.0,279.0,305.0,False,SOFT,29.0,False,Force India,0 days 01:39:47.041000,2018-05-13 14:45:53.865,1,9.0,False,,False,True,16.9,49.5,1001.5,False,30.7,99,2.3
0 days 01:42:34.996000,PER,11,0 days 00:01:25.352000,64.0,3.0,,,0 days 00:00:23.501000,0 days 00:00:31.231000,0 days 00:00:30.620000,0 days 01:41:33.160000,0 days 01:42:04.391000,0 days 01:42:35.011000,271.0,253.0,110.0,308.0,False,SOFT,30.0,False,Force India,0 days 01:41:09.644000,2018-05-13 14:47:16.468,1,9.0,False,,False,True,16.9,49.5,1001.5,False,30.7,99,2.3
0 days 00:21:47.292000,ALO,14,0 days 00:01:27.750000,7.0,1.0,,,0 days 00:00:24.582000,0 days 00:00:32.963000,0 days 00:00:30.205000,0 days 00:20:44.159000,0 days 00:21:17.122000,0 days 00:21:47.327000,255.0,242.0,277.0,322.0,True,SUPERSOFT,9.0,False,McLaren,0 days 00:20:19.542000,2018-05-13 13:26:26.366,1,10.0,False,,False,True,16.7,51.5,1001.3,False,36.6,37,0.9
0 days 00:23:13.354000,ALO,14,0 days 00:01:26.062000,8.0,1.0,,,0 days 00:00:24.421000,0 days 00:00:32.476000,0 days 00:00:29.165000,0 days 00:22:11.748000,0 days 00:22:44.224000,0 days 00:23:13.389000,250.0,243.0,273.0,309.0,True,SUPERSOFT,10.0,False,McLaren,0 days 00:21:47.292000,2018-05-13 13:27:54.116,1,10.0,False,,False,True,16.3,50.9,1001.4,False,36.7,52,1.0
0 days 01:06:48.296000,ALO,14,0 days 00:01:22.807000,39.0,2.0,,,0 days 00:00:23.374000,0 days 00:00:30.967000,0 days 00:00:28.466000,0 days 01:05:48.898000,0 days 01:06:19.865000,0 days 01:06:48.331000,266.0,261.0,283.0,,False,MEDIUM,18.0,True,McLaren,0 days 01:05:25.489000,2018-05-13 14:11:32.313,12,9.0,False,,False,True,15.9,51.7,1001.6,False,32.2,27,1.1
0 days 01:34:02.962000,ALO,14,0 days 00:01:21.945000,58.0,2.0,,,0 days 00:00:23.322000,0 days 00:00:30.715000,0 days 00:00:27.908000,0 days 01:33:04.374000,0 days 01:33:35.089000,0 days 01:34:02.997000,272.0,268.0,274.0,,False,MEDIUM,37.0,True,McLaren,0 days 01:32:41.017000,2018-05-13 14:38:47.841,1,8.0,False,,False,True,16.9,49.5,1001.6,False,32.9,64,2.5
0 days 01:35:25.299000,ALO,14,0 days 00:01:22.337000,59.0,2.0,,,0 days 00:00:23.413000,0 days 00:00:30.637000,0 days 00:00:28.287000,0 days 01:34:26.410000,0 days 01:34:57.047000,0 days 01:35:25.334000,273.0,264.0,274.0,,False,MEDIUM,38.0,True,McLaren,0 days 01:34:02.962000,2018-05-13 14:40:09.786,1,8.0,False,,False,True,16.7,50.4,1001.5,False,32.4,279,2.2
0 days 01:36:47.615000,ALO,14,0 days 00:01:22.316000,60.0,2.0,,,0 days 00:00:23.881000,0 days 00:00:30.523000,0 days 00:00:27.912000,0 days 01:35:49.215000,0 days 01:36:19.738000,0 days 01:36:47.650000,272.0,266.0,276.0,299.0,False,MEDIUM,39.0,True,McLaren,0 days 01:35:25.299000,2018-05-13 14:41:32.123,1,8.0,False,,False,True,16.8,50.2,1001.4,False,32.3,76,1.8
0 days 01:38:08.811000,ALO,14,0 days 00:01:21.196000,61.0,2.0,,,0 days 00:00:23.143000,0 days 00:00:30.302000,0 days 00:00:27.751000,0 days 01:37:10.793000,0 days 01:37:41.095000,0 days 01:38:08.846000,277.0,268.0,277.0,302.0,True,MEDIUM,40.0,True,McLaren,0 days 01:36:47.615000,2018-05-13 14:42:54.439,1,8.0,False,,False,True,17.0,50.1,1001.6,False,32.3,64,2.2
0 days 01:39:29.781000,ALO,14,0 days 00:01:20.970000,62.0,2.0,,,0 days 00:00:23.124000,0 days 00:00:30.125000,0 days 00:00:27.721000,0 days 01:38:31.970000,0 days 01:39:02.095000,0 days 01:39:29.816000,272.0,269.0,277.0,300.0,True,MEDIUM,41.0,True,McLaren,0 days 01:38:08.811000,2018-05-13 14:44:15.635,1,8.0,False,,False,True,17.1,49.6,1001.6,False,31.6,65,2.3
0 days 01:40:50.637000,ALO,14,0 days 00:01:20.856000,63.0,2.0,,,0 days 00:00:23.028000,0 days 00:00:30.170000,0 days 00:00:27.658000,0 days 01:39:52.844000,0 days 01:40:23.014000,0 days 01:40:50.672000,275.0,272.0,275.0,299.0,True,MEDIUM,42.0,True,McLaren,0 days 01:39:29.781000,2018-05-13 14:45:36.605,1,8.0,False,,False,True,17.0,49.5,1001.6,False,30.9,90,2.3
0 days 01:42:11.364000,ALO,14,0 days 00:01:20.727000,64.0,2.0,,,0 days 00:00:22.981000,0 days 00:00:30.133000,0 days 00:00:27.613000,0 days 01:41:13.653000,0 days 01:41:43.786000,0 days 01:42:11.399000,278.0,271.0,277.0,,True,MEDIUM,43.0,True,McLaren,0 days 01:40:50.637000,2018-05-13 14:46:57.461,1,8.0,False,,False,True,16.9,49.5,1001.5,False,30.7,99,2.3
0 days 01:43:32.423000,ALO,14,0 days 00:01:21.059000,65.0,2.0,,,0 days 00:00:22.904000,0 days 00:00:30.028000,0 days 00:00:28.127000,0 days 01:42:34.303000,0 days 01:43:04.331000,0 days 01:43:32.458000,277.0,277.0,275.0,300.0,False,MEDIUM,44.0,True,McLaren,0 days 01:42:11.364000,2018-05-13 14:48:18.188,1,8.0,False,,False,True,16.5,51.2,1001.6,False,29.8,62,2.4
0 days 00:21:46.839000,LEC,16,0 days 00:01:27.831000,7.0,1.0,,,0 days 00:00:24.651000,0 days 00:00:33.351000,0 days 00:00:29.829000,0 days 00:20:43.682000,0 days 00:21:17.033000,0 days 00:21:46.862000,248.0,230.0,279.0,317.0,True,SOFT,6.0,True,Sauber,0 days 00:20:19.008000,2018-05-13 13:26:25.832,1,9.0,False,,False,True,16.7,51.5,1001.3,False,36.6,37,0.9
0 days 00:23:12.599000,LEC,16,0 days 00:01:25.760000,8.0,1.0,,,0 days 00:00:24.218000,0 days 00:00:32.550000,0 days 00:00:28.992000,0 days 00:22:11.080000,0 days 00:22:43.630000,0 days 00:23:12.622000,243.0,244.0,278.0,315.0,True,SOFT,7.0,True,Sauber,0 days 00:21:46.839000,2018-05-13 13:27:53.663,1,9.0,False,,False,True,16.3,50.9,1001.4,False,36.7,52,1.0
0 days 00:43:10.452000,LEC,16,0 days 00:01:23.030000,22.0,2.0,,,0 days 00:00:23.539000,0 days 00:00:31.177000,0 days 00:00:28.314000,0 days 00:42:10.984000,0 days 00:42:42.161000,0 days 00:43:10.475000,274.0,262.0,282.0,310.0,True,MEDIUM,2.0,True,Sauber,0 days 00:41:47.422000,2018-05-13 13:47:54.246,1,15.0,False,,False,True,15.7,52.8,1001.5,False,29.7,57,2.5
0 days 01:06:47.574000,LEC,16,0 days 00:01:22.710000,39.0,2.0,,,0 days 00:00:23.447000,0 days 00:00:31.056000,0 days 00:00:28.207000,0 days 01:05:48.334000,0 days 01:06:19.390000,0 days 01:06:47.597000,274.0,266.0,278.0,308.0,True,MEDIUM,19.0,True,Sauber,0 days 01:05:24.864000,2018-05-13 14:11:31.688,12,8.0,False,,False,True,15.9,51.7,1001.6,False,32.2,27,1.1
0 days 01:34:18.782000,LEC,16,0 days 00:01:24.121000,58.0,2.0,,,0 days 00:00:24.065000,0 days 00:00:31.406000,0 days 00:00:28.650000,0 days 01:33:18.749000,0 days 01:33:50.155000,0 days 01:34:18.805000,263.0,254.0,280.0,310.0,False,MEDIUM,38.0,True,Sauber,0 days 01:32:54.661000,2018-05-13 14:39:01.485,1,10.0,False,,False,True,16.9,49.5,1001.6,False,32.9,64,2.5
0 days 01:35:42.228000,LEC,16,0 days 00:01:23.446000,59.0,2.0,,,0 days 00:00:23.569000,0 days 00:00:31.197000,0 days 00:00:28.680000,0 days 01:34:42.374000,0 days 01:35:13.571000,0 days 01:35:42.251000,267.0,257.0,281.0,311.0,False,MEDIUM,39.0,True,Sauber,0 days 01:34:18.782000,2018-05-13 14:40:25.606,1,10.0,False,,False,True,16.7,50.4,1001.5,False,32.4,279,2.2
0 days 01:37:05.827000,LEC,16,0 days 00:01:23.599000,60.0,2.0,,,0 days 00:00:23.633000,0 days 00:00:31.176000,0 days 00:00:28.790000,0 days 01:36:05.884000,0 days 01:36:37.060000,0 days 01:37:05.850000,272.0,254.0,281.0,,False,MEDIUM,40.0,True,Sauber,0 days 01:35:42.228000,2018-05-13 14:41:49.052,1,10.0,False,,False,True,17.0,49.1,1001.5,False,32.4,52,2.4
0 days 01:38:29.184000,LEC,16,0 days 00:01:23.357000,61.0,2.0,,,0 days 00:00:23.667000,0 days 00:00:31.204000,0 days 00:00:28.486000,0 days 01:37:29.517000,0 days 01:38:00.721000,0 days 01:38:29.207000,268.0,260.0,281.0,309.0,False,MEDIUM,41.0,True,Sauber,0 days 01:37:05.827000,2018-05-13 14:43:12.651,1,10.0,False,,False,True,17.0,50.1,1001.6,False,32.3,64,2.2
0 days 01:39:51.994000,LEC,16,0 days 00:01:22.810000,62.0,2.0,,,0 days 00:00:23.432000,0 days 00:00:31.026000,0 days 00:00:28.352000,0 days 01:38:52.639000,0 days 01:39:23.665000,0 days 01:39:52.017000,266.0,256.0,281.0,308.0,False,MEDIUM,42.0,True,Sauber,0 days 01:38:29.184000,2018-05-13 14:44:36.008,1,10.0,False,,False,True,17.1,49.6,1001.6,False,31.6,65,2.3
0 days 01:41:16.842000,LEC,16,0 days 00:01:24.848000,63.0,2.0,,,0 days 00:00:23.583000,0 days 00:00:32.861000,0 days 00:00:28.404000,0 days 01:40:15.600000,0 days 01:40:48.461000,0 days 01:41:16.865000,264.0,255.0,281.0,306.0,False,MEDIUM,43.0,True,Sauber,0 days 01:39:51.994000,2018-05-13 14:45:58.818,1,10.0,False,,False,True,16.9,49.5,1001.5,False,30.7,99,2.3
0 days 01:42:40.548000,LEC,16,0 days 00:01:23.706000,64.0,2.0,,,0 days 00:00:23.745000,0 days 00:00:31.231000,0 days 00:00:28.730000,0 days 01:41:40.610000,0 days 01:42:11.841000,0 days 01:42:40.571000,271.0,259.0,278.0,308.0,False,MEDIUM,44.0,True,Sauber,0 days 01:41:16.842000,2018-05-13 14:47:23.666,1,10.0,False,,False,True,16.9,49.5,1001.5,False,30.7,99,2.3
0 days 00:21:48.523000,STR,18,0 days 00:01:28.147000,7.0,1.0,,,0 days 00:00:24.556000,0 days 00:00:33.576000,0 days 00:00:30.015000,0 days 00:20:44.954000,0 days 00:21:18.530000,0 days 00:21:48.545000,245.0,236.0,280.0,313.0,True,SOFT,6.0,True,Williams,0 days 00:20:20.376000,2018-05-13 13:26:27.200,1,12.0,False,,False,True,16.7,51.5,1001.3,False,36.6,37,0.9
0 days 00:23:15.057000,STR,18,0 days 00:01:26.534000,8.0,1.0,,,0 days 00:00:24.483000,0 days 00:00:32.784000,0 days 00:00:29.267000,0 days 00:22:13.028000,0 days 00:22:45.812000,0 days 00:23:15.079000,235.0,234.0,277.0,314.0,True,SOFT,7.0,True,Williams,0 days 00:21:48.523000,2018-05-13 13:27:55.347,1,12.0,False,,False,True,16.3,50.9,1001.4,False,36.7,52,1.0
0 days 00:43:19.147000,STR,18,0 days 00:01:23.280000,22.0,2.0,,,0 days 00:00:23.679000,0 days 00:00:31.322000,0 days 00:00:28.279000,0 days 00:42:19.568000,0 days 00:42:50.890000,0 days 00:43:19.169000,265.0,265.0,276.0,303.0,True,MEDIUM,2.0,True,Williams,0 days 00:41:55.867000,2018-05-13 13:48:02.691,1,17.0,False,,False,True,15.7,52.8,1001.5,False,29.7,57,2.5
0 days 01:34:28.779000,STR,18,0 days 00:01:22.627000,58.0,2.0,,,0 days 00:00:23.320000,0 days 00:00:30.973000,0 days 00:00:28.334000,0 days 01:33:29.494000,0 days 01:34:00.467000,0 days 01:34:28.801000,260.0,259.0,278.0,,False,MEDIUM,38.0,True,Williams,0 days 01:33:06.152000,2018-05-13 14:39:12.976,1,11.0,False,,False,True,16.9,49.5,1001.6,False,32.9,64,2.5
0 days 01:35:51.254000,STR,18,0 days 00:01:22.475000,59.0,2.0,,,0 days 00:00:23.340000,0 days 00:00:31.028000,0 days 00:00:28.107000,0 days 01:34:52.141000,0 days 01:35:23.169000,0 days 01:35:51.276000,263.0,259.0,280.0,,False,MEDIUM,39.0,True,Williams,0 days 01:34:28.779000,2018-05-13 14:40:35.603,1,11.0,False,,False,True,16.7,50.4,1001.5,False,32.4,279,2.2
0 days 01:37:13.349000,STR,18,0 days 00:01:22.095000,60.0,2.0,,,0 days 00:00:23.313000,0 days 00:00:30.800000,0 days 00:00:27.982000,0 days 01:36:14.589000,0 days 01:36:45.389000,0 days 01:37:13.371000,272.0,268.0,280.0,,True,MEDIUM,40.0,True,Williams,0 days 01:35:51.254000,2018-05-13 14:41:58.078,1,11.0,False,,False,True,17.0,49.1,1001.5,False,32.4,52,2.4
0 days 01:38:37.164000,STR,18,0 days 00:01:23.815000,61.0,2.0,,,0 days 00:00:23.292000,0 days 00:00:31.241000,0 days 00:00:29.282000,0 days 01:37:36.663000,0 days 01:38:07.904000,0 days 01:38:37.186000,271.0,215.0,282.0,307.0,False,MEDIUM,41.0,True,Williams,0 days 01:37:13.349000,2018-05-13 14:43:20.173,1,11.0,False,,False,True,17.0,50.1,1001.6,False,32.3,64,2.2
0 days 01:39:59.915000,STR,18,0 days 00:01:22.751000,62.0,2.0,,,0 days 00:00:23.503000,0 days 00:00:31.027000,0 days 00:00:28.221000,0 days 01:39:00.689000,0 days 01:39:31.716000,0 days 01:39:59.937000,267.0,258.0,281.0,310.0,False,MEDIUM,42.0,True,Williams,0 days 01:38:37.164000,2018-05-13 14:44:43.988,1,11.0,False,,False,True,17.0,49.5,1001.6,False,30.9,90,2.3
0 days 01:41:22.466000,STR,18,0 days 00:01:22.551000,63.0,2.0,,,0 days 00:00:23.237000,0 days 00:00:30.905000,0 days 00:00:28.409000,0 days 01:40:23.174000,0 days 01:40:54.079000,0 days 01:41:22.488000,274.0,268.0,281.0,306.0,False,MEDIUM,43.0,True,Williams,0 days 01:39:59.915000,2018-05-13 14:46:06.739,1,11.0,False,,False,True,16.9,49.5,1001.5,False,30.7,99,2.3
0 days 01:42:45.360000,STR,18,0 days 00:01:22.894000,64.0,2.0,,,0 days 00:00:23.301000,0 days 00:00:30.922000,0 days 00:00:28.671000,0 days 01:41:45.789000,0 days 01:42:16.711000,0 days 01:42:45.382000,272.0,269.0,280.0,307.0,False,MEDIUM,44.0,True,Williams,0 days 01:41:22.466000,2018-05-13 14:47:29.290,1,11.0,False,,False,True,16.9,49.5,1001.5,False,30.7,99,2.3
0 days 00:21:49.598000,VAN,2,0 days 00:01:28.058000,7.0,1.0,,,0 days 00:00:24.743000,0 days 00:00:33.367000,0 days 00:00:29.948000,0 days 00:20:46.301000,0 days 00:21:19.668000,0 days 00:21:49.616000,224.0,216.0,275.0,303.0,True,SOFT,9.0,False,McLaren,0 days 00:20:21.540000,2018-05-13 13:26:28.364,1,14.0,False,,False,True,16.7,51.5,1001.3,False,36.6,37,0.9
0 days 00:23:16.609000,VAN,2,0 days 00:01:27.011000,8.0,1.0,,,0 days 00:00:24.537000,0 days 00:00:32.938000,0 days 00:00:29.536000,0 days 00:22:14.153000,0 days 00:22:47.091000,0 days 00:23:16.627000,251.0,230.0,273.0,304.0,True,SOFT,10.0,False,McLaren,0 days 00:21:49.598000,2018-05-13 13:27:56.422,1,14.0,False,,False,True,16.3,50.9,1001.4,False,36.7,52,1.0
0 days 00:43:02.325000,VAN,2,0 days 00:01:24.270000,22.0,1.0,,,0 days 00:00:23.902000,0 days 00:00:31.652000,0 days 00:00:28.716000,0 days 00:42:01.975000,0 days 00:42:33.627000,0 days 00:43:02.343000,265.0,260.0,273.0,301.0,False,SOFT,24.0,False,McLaren,0 days 00:41:38.055000,2018-05-13 13:47:44.879,1,11.0,False,,False,True,15.7,52.8,1001.5,False,29.7,57,2.5
0 days 00:21:45.511000,MAG,20,0 days 00:01:27.167000,7.0,1.0,,,0 days 00:00:24.651000,0 days 00:00:32.873000,0 days 00:00:29.643000,0 days 00:20:43.036000,0 days 00:21:15.909000,0 days 00:21:45.552000,241.0,225.0,280.0,304.0,True,SOFT,10.0,False,Haas F1 Team,0 days 00:20:18.344000,2018-05-13 13:26:25.168,1,7.0,False,,False,True,16.7,51.5,1001.3,False,36.6,37,0.9
0 days 00:23:10.550000,MAG,20,0 days 00:01:25.039000,8.0,1.0,,,0 days 00:00:24.515000,0 days 00:00:32.106000,0 days 00:00:28.418000,0 days 00:22:10.067000,0 days 00:22:42.173000,0 days 00:23:10.591000,250.0,250.0,274.0,311.0,True,SOFT,11.0,False,Haas F1 Team,0 days 00:21:45.511000,2018-05-13 13:27:52.335,1,7.0,False,,False,True,16.3,50.9,1001.4,False,36.7,52,1.0
0 days 01:06:22.622000,MAG,20,0 days 00:01:21.588000,39.0,2.0,,,0 days 00:00:23.276000,0 days 00:00:30.568000,0 days 00:00:27.744000,0 days 01:05:24.351000,0 days 01:05:54.919000,0 days 01:06:22.663000,275.0,272.0,276.0,299.0,False,MEDIUM,7.0,True,Haas F1 Team,0 days 01:05:01.034000,2018-05-13 14:11:07.858,1,6.0,False,,False,True,15.9,51.7,1001.6,False,32.2,27,1.1
0 days 01:34:46.048000,MAG,20,0 days 00:01:20.908000,59.0,2.0,,,0 days 00:00:23.111000,0 days 00:00:30.112000,0 days 00:00:27.685000,0 days 01:33:48.292000,0 days 01:34:18.404000,0 days 01:34:46.089000,278.0,281.0,278.0,304.0,True,MEDIUM,27.0,True,Haas F1 Team,0 days 01:33:25.140000,2018-05-13 14:39:31.964,1,6.0,False,,False,True,16.9,49.5,1001.6,False,32.9,64,2.5
0 days 01:36:06.841000,MAG,20,0 days 00:01:20.793000,60.0,2.0,,,0 days 00:00:23.147000,0 days 00:00:30.039000,0 days 00:00:27.607000,0 days 01:35:09.236000,0 days 01:35:39.275000,0 days 01:36:06.882000,277.0,282.0,280.0,306.0,True,MEDIUM,28.0,True,Haas F1 Team,0 days 01:34:46.048000,2018-05-13 14:40:52.872,1,6.0,False,,False,True,16.8,50.2,1001.4,False,32.3,76,1.8
0 days 01:37:27.431000,MAG,20,0 days 00:01:20.590000,61.0,2.0,,,0 days 00:00:23.111000,0 days 00:00:30.002000,0 days 00:00:27.477000,0 days 01:36:29.993000,0 days 01:36:59.995000,0 days 01:37:27.472000,279.0,283.0,281.0,305.0,True,MEDIUM,29.0,True,Haas F1 Team,0 days 01:36:06.841000,2018-05-13 14:42:13.665,1,6.0,False,,False,True,17.0,49.1,1001.5,False,32.4,52,2.4
0 days 01:38:47.995000,MAG,20,0 days 00:01:20.564000,62.0,2.0,,,0 days 00:00:22.990000,0 days 00:00:30.011000,0 days 00:00:27.563000,0 days 01:37:50.462000,0 days 01:38:20.473000,0 days 01:38:48.036000,,285.0,283.0,308.0,True,MEDIUM,30.0,True,Haas F1 Team,0 days 01:37:27.431000,2018-05-13 14:43:34.255,1,6.0,False,,False,True,17.0,50.1,1001.6,False,32.3,64,2.2
0 days 01:40:09.988000,MAG,20,0 days 00:01:21.993000,63.0,2.0,,,0 days 00:00:22.934000,0 days 00:00:30.531000,0 days 00:00:28.528000,0 days 01:39:10.970000,0 days 01:39:41.501000,0 days 01:40:10.029000,280.0,279.0,289.0,,False,MEDIUM,31.0,True,Haas F1 Team,0 days 01:38:47.995000,2018-05-13 14:44:54.819,1,6.0,False,,False,True,17.0,49.5,1001.6,False,30.9,90,2.3
0 days 01:41:30.234000,MAG,20,0 days 00:01:20.246000,64.0,2.0,,,0 days 00:00:22.717000,0 days 00:00:30.001000,0 days 00:00:27.528000,0 days 01:40:32.746000,0 days 01:41:02.747000,0 days 01:41:30.275000,282.0,280.0,282.0,332.0,True,MEDIUM,32.0,True,Haas F1 Team,0 days 01:40:09.988000,2018-05-13 14:46:16.812,1,6.0,False,,False,True,16.9,49.5,1001.5,False,30.7,99,2.3
0 days 01:42:52.600000,MAG,20,0 days 00:01:22.366000,65.0,2.0,,,0 days 00:00:23.318000,0 days 00:00:30.799000,0 days 00:00:28.249000,0 days 01:41:53.593000,0 days 01:42:24.392000,0 days 01:42:52.641000,277.0,275.0,270.0,303.0,False,MEDIUM,33.0,True,Haas F1 Team,0 days 01:41:30.234000,2018-05-13 14:47:37.058,1,6.0,False,,False,True,16.9,49.5,1001.5,False,30.7,99,2.3
0 days 00:21:54.991000,HAR,28,0 days 00:01:30.479000,7.0,2.0,,,0 days 00:00:26.141000,0 days 00:00:34.094000,0 days 00:00:30.244000,0 days 00:20:50.670000,0 days 00:21:24.764000,0 days 00:21:55.008000,230.0,227.0,271.0,314.0,True,MEDIUM,3.0,True,Toro Rosso,0 days 00:20:24.512000,2018-05-13 13:26:31.336,1,17.0,False,,False,True,16.7,51.5,1001.3,False,36.6,37,0.9
0 days 00:23:21.545000,HAR,28,0 days 00:01:26.554000,8.0,2.0,,,0 days 00:00:24.295000,0 days 00:00:32.580000,0 days 00:00:29.679000,0 days 00:22:19.303000,0 days 00:22:51.883000,0 days 00:23:21.562000,250.0,246.0,271.0,303.0,True,MEDIUM,4.0,True,Toro Rosso,0 days 00:21:54.991000,2018-05-13 13:28:01.815,1,17.0,False,,False,True,16.3,50.9,1001.4,False,36.7,52,1.0
0 days 00:43:09.244000,HAR,28,0 days 00:01:24.180000,22.0,2.0,,,0 days 00:00:23.630000,0 days 00:00:31.835000,0 days 00:00:28.715000,0 days 00:42:08.711000,0 days 00:42:40.546000,0 days 00:43:09.261000,267.0,265.0,275.0,305.0,False,MEDIUM,18.0,True,Toro Rosso,0 days 00:41:45.064000,2018-05-13 13:47:51.888,1,14.0,False,,False,True,15.7,52.8,1001.5,False,29.7,57,2.5
0 days 01:34:36.849000,HAR,28,0 days 00:01:24.786000,58.0,3.0,,,0 days 00:00:23.583000,0 days 00:00:31.169000,0 days 00:00:30.034000,0 days 01:33:35.663000,0 days 01:34:06.832000,0 days 01:34:36.866000,262.0,256.0,284.0,330.0,False,MEDIUM,25.0,True,Toro Rosso,0 days 01:33:12.063000,2018-05-13 14:39:18.887,1,13.0,False,,False,True,16.9,49.5,1001.6,False,32.9,64,2.5
0 days 01:35:59.614000,HAR,28,0 days 00:01:22.765000,59.0,3.0,,,0 days 00:00:23.046000,0 days 00:00:31.124000,0 days 00:00:28.595000,0 days 01:34:59.912000,0 days 01:35:31.036000,0 days 01:35:59.631000,270.0,276.0,285.0,328.0,False,MEDIUM,26.0,True,Toro Rosso,0 days 01:34:36.849000,2018-05-13 14:40:43.673,1,13.0,False,,False,True,16.8,50.2,1001.4,False,32.3,76,1.8
0 days 01:37:22.332000,HAR,28,0 days 00:01:22.718000,60.0,3.0,,,0 days 00:00:23.207000,0 days 00:00:31.262000,0 days 00:00:28.249000,0 days 01:36:22.838000,0 days 01:36:54.100000,0 days 01:37:22.349000,,269.0,287.0,329.0,False,MEDIUM,27.0,True,Toro Rosso,0 days 01:35:59.614000,2018-05-13 14:42:06.438,1,13.0,False,,False,True,17.0,49.1,1001.5,False,32.4,52,2.4
0 days 01:38:44.946000,HAR,28,0 days 00:01:22.614000,61.0,3.0,,,0 days 00:00:23.354000,0 days 00:00:30.950000,0 days 00:00:28.310000,0 days 01:37:45.703000,0 days 01:38:16.653000,0 days 01:38:44.963000,269.0,262.0,289.0,,False,MEDIUM,28.0,True,Toro Rosso,0 days 01:37:22.332000,2018-05-13 14:43:29.156,1,13.0,False,,False,True,17.0,50.1,1001.6,False,32.3,64,2.2
0 days 01:40:06.571000,HAR,28,0 days 00:01:21.625000,62.0,3.0,,,0 days 00:00:23.096000,0 days 00:00:30.646000,0 days 00:00:27.883000,0 days 01:39:08.059000,0 days 01:39:38.705000,0 days 01:40:06.588000,270.0,277.0,276.0,,True,MEDIUM,29.0,True,Toro Rosso,0 days 01:38:44.946000,2018-05-13 14:44:51.770,1,12.0,False,,False,True,17.0,49.5,1001.6,False,30.9,90,2.3
0 days 01:41:28.010000,HAR,28,0 days 00:01:21.439000,63.0,3.0,,,0 days 00:00:23.115000,0 days 00:00:30.456000,0 days 00:00:27.868000,0 days 01:40:29.703000,0 days 01:41:00.159000,0 days 01:41:28.027000,277.0,277.0,275.0,301.0,True,MEDIUM,30.0,True,Toro Rosso,0 days 01:40:06.571000,2018-05-13 14:46:13.395,1,12.0,False,,False,True,16.9,49.5,1001.5,False,30.7,99,2.3
0 days 01:42:54.315000,HAR,28,0 days 00:01:26.305000,64.0,3.0,,,0 days 00:00:23.146000,0 days 00:00:30.507000,0 days 00:00:32.652000,0 days 01:41:51.173000,0 days 01:42:21.680000,0 days 01:42:54.332000,276.0,273.0,68.0,302.0,False,MEDIUM,31.0,True,Toro Rosso,0 days 01:41:28.010000,2018-05-13 14:47:34.834,1,12.0,False,,False,True,16.9,49.5,1001.5,False,30.7,99,2.3
0 days 00:21:44.769000,RIC,3,0 days 00:01:27.165000,7.0,1.0,,,0 days 00:00:24.386000,0 days 00:00:33.653000,0 days 00:00:29.126000,0 days 00:20:42.005000,0 days 00:21:15.658000,0 days 00:21:44.784000,241.0,235.0,272.0,306.0,True,SOFT,9.0,False,Red Bull Racing,0 days 00:20:17.604000,2018-05-13 13:26:24.428,1,6.0,False,,False,True,16.7,51.5,1001.3,False,36.6,37,0.9
0 days 00:23:08.336000,RIC,3,0 days 00:01:23.567000,8.0,1.0,,,0 days 00:00:23.809000,0 days 00:00:31.496000,0 days 00:00:28.262000,0 days 00:22:08.593000,0 days 00:22:40.089000,0 days 00:23:08.351000,261.0,253.0,272.0,300.0,True,SOFT,10.0,False,Red Bull Racing,0 days 00:21:44.769000,2018-05-13 13:27:51.593,1,6.0,False,,False,True,16.3,50.9,1001.4,False,36.7,52,1.0
0 days 00:43:43.540000,RIC,3,0 days 00:01:21.895000,23.0,1.0,,,0 days 00:00:23.395000,0 days 00:00:30.757000,0 days 00:00:27.743000,0 days 00:42:45.055000,0 days 00:43:15.812000,0 days 00:43:43.555000,,254.0,275.0,302.0,True,SOFT,25.0,False,Red Bull Racing,0 days 00:42:21.645000,2018-05-13 13:48:28.469,1,4.0,False,,False,True,15.7,52.8,1001.5,False,29.7,57,2.5
0 days 01:34:04.705000,RIC,3,0 days 00:01:19.630000,59.0,2.0,,,0 days 00:00:22.884000,0 days 00:00:29.815000,0 days 00:00:26.931000,0 days 01:33:07.974000,0 days 01:33:37.789000,0 days 01:34:04.720000,,265.0,277.0,302.0,False,MEDIUM,26.0,True,Red Bull Racing,0 days 01:32:45.075000,2018-05-13 14:38:51.899,1,5.0,False,,False,True,16.9,49.5,1001.6,False,32.9,64,2.5
0 days 01:35:25.798000,RIC,3,0 days 00:01:21.093000,60.0,2.0,,,0 days 00:00:23.017000,0 days 00:00:30.368000,0 days 00:00:27.708000,0 days 01:34:27.737000,0 days 01:34:58.105000,0 days 01:35:25.813000,272.0,253.0,289.0,306.0,False,MEDIUM,27.0,True,Red Bull Racing,0 days 01:34:04.705000,2018-05-13 14:40:11.529,1,5.0,False,,False,True,16.7,50.4,1001.5,False,32.4,279,2.2
0 days 01:36:44.239000,RIC,3,0 days 00:01:18.441000,61.0,2.0,,,0 days 00:00:22.111000,0 days 00:00:29.503000,0 days 00:00:26.827000,0 days 01:35:47.924000,0 days 01:36:17.427000,0 days 01:36:44.254000,276.0,276.0,277.0,326.0,True,MEDIUM,28.0,True,Red Bull Racing,0 days 01:35:25.798000,2018-05-13 14:41:32.622,1,5.0,False,,False,True,16.8,50.2,1001.4,False,32.3,76,1.8
0 days 01:38:03.834000,RIC,3,0 days 00:01:19.595000,62.0,2.0,,,0 days 00:00:22.912000,0 days 00:00:29.806000,0 days 00:00:26.877000,0 days 01:37:07.166000,0 days 01:37:36.972000,0 days 01:38:03.849000,,257.0,278.0,302.0,False,MEDIUM,29.0,True,Red Bull Racing,0 days 01:36:44.239000,2018-05-13 14:42:51.063,1,5.0,False,,False,True,17.0,50.1,1001.6,False,32.3,64,2.2
0 days 01:39:23.701000,RIC,3,0 days 00:01:19.867000,63.0,2.0,,,0 days 00:00:22.844000,0 days 00:00:29.994000,0 days 00:00:27.029000,0 days 01:38:26.693000,0 days 01:38:56.687000,0 days 01:39:23.716000,,262.0,288.0,304.0,False,MEDIUM,30.0,True,Red Bull Racing,0 days 01:38:03.834000,2018-05-13 14:44:10.658,1,5.0,False,,False,True,17.1,49.6,1001.6,False,31.6,65,2.3
0 days 01:40:42.161000,RIC,3,0 days 00:01:18.460000,64.0,2.0,,,0 days 00:00:22.186000,0 days 00:00:29.486000,0 days 00:00:26.788000,0 days 01:39:45.902000,0 days 01:40:15.388000,0 days 01:40:42.176000,279.0,281.0,275.0,326.0,False,MEDIUM,31.0,True,Red Bull Racing,0 days 01:39:23.701000,2018-05-13 14:45:30.525,1,5.0,False,,False,True,17.0,49.5,1001.6,False,30.9,90,2.3
0 days 01:42:02.747000,RIC,3,0 days 00:01:20.586000,65.0,2.0,,,0 days 00:00:23.184000,0 days 00:00:30.166000,0 days 00:00:27.236000,0 days 01:41:05.360000,0 days 01:41:35.526000,0 days 01:42:02.762000,275.0,253.0,275.0,297.0,False,MEDIUM,32.0,True,Red Bull Racing,0 days 01:40:42.161000,2018-05-13 14:46:48.985,1,5.0,False,,False,True,16.9,49.5,1001.5,False,30.7,99,2.3
0 days 00:21:48.065000,OCO,31,0 days 00:01:28.685000,7.0,1.0,,,0 days 00:00:24.953000,0 days 00:00:33.604000,0 days 00:00:30.128000,0 days 00:20:44.333000,0 days 00:21:17.937000,0 days 00:21:48.065000,217.0,231.0,279.0,322.0,True,SOFT,6.0,True,Force India,0 days 00:20:19.380000,2018-05-13 13:26:26.204,1,11.0,False,,False,True,16.7,51.5,1001.3,False,36.6,37,0.9
0 days 00:23:14.028000,OCO,31,0 days 00:01:25.963000,8.0,1.0,,,0 days 00:00:24.418000,0 days 00:00:32.433000,0 days 00:00:29.112000,0 days 00:22:12.483000,0 days 00:22:44.916000,0 days 00:23:14.028000,237.0,243.0,279.0,318.0,True,SOFT,7.0,True,Force India,0 days 00:21:48.065000,2018-05-13 13:27:54.889,1,11.0,False,,False,True,16.3,50.9,1001.4,False,36.7,52,1.0
0 days 01:06:34.055000,OCO,31,,39.0,2.0,,,,,,,,,,,,,,MEDIUM,10.0,True,Force India,0 days 01:05:54.027000,,12,,False,,True,False,15.9,51.7,1001.6,False,32.2,27,1.1
0 days 00:21:41.985000,VER,33,0 days 00:01:25.139000,7.0,1.0,,,0 days 00:00:24.272000,0 days 00:00:32.056000,0 days 00:00:28.811000,0 days 00:20:41.145000,0 days 00:21:13.201000,0 days 00:21:42.012000,237.0,236.0,275.0,317.0,True,SOFT,9.0,False,Red Bull Racing,0 days 00:20:16.846000,2018-05-13 13:26:23.670,1,5.0,False,,False,True,16.7,51.5,1001.3,False,36.6,37,0.9
0 days 00:23:05.696000,VER,33,0 days 00:01:23.711000,8.0,1.0,,,0 days 00:00:23.854000,0 days 00:00:31.546000,0 days 00:00:28.311000,0 days 00:22:05.866000,0 days 00:22:37.412000,0 days 00:23:05.723000,255.0,245.0,275.0,297.0,True,SOFT,10.0,False,Red Bull Racing,0 days 00:21:41.985000,2018-05-13 13:27:48.809,1,5.0,False,,False,True,16.3,50.9,1001.4,False,36.7,52,1.0
0 days 00:43:39.992000,VER,33,0 days 00:01:21.909000,23.0,1.0,,,0 days 00:00:23.262000,0 days 00:00:30.855000,0 days 00:00:27.792000,0 days 00:42:41.372000,0 days 00:43:12.227000,0 days 00:43:40.019000,264.0,261.0,277.0,307.0,False,SOFT,25.0,False,Red Bull Racing,0 days 00:42:18.083000,2018-05-13 13:48:24.907,1,3.0,False,,False,True,15.7,52.8,1001.5,False,29.7,57,2.5
0 days 01:35:01.625000,VER,33,0 days 00:01:19.707000,60.0,2.0,,,0 days 00:00:22.817000,0 days 00:00:29.873000,0 days 00:00:27.017000,0 days 01:34:04.762000,0 days 01:34:34.635000,0 days 01:35:01.652000,,266.0,277.0,,False,MEDIUM,26.0,True,Red Bull Racing,0 days 01:33:41.918000,2018-05-13 14:39:48.742,1,3.0,False,,False,True,16.7,50.4,1001.5,False,32.4,279,2.2
0 days 01:36:21.182000,VER,33,0 days 00:01:19.557000,61.0,2.0,,,0 days 00:00:22.711000,0 days 00:00:29.760000,0 days 00:00:27.086000,0 days 01:35:24.363000,0 days 01:35:54.123000,0 days 01:36:21.209000,274.0,268.0,280.0,304.0,False,MEDIUM,27.0,True,Red Bull Racing,0 days 01:35:01.625000,2018-05-13 14:41:08.449,1,3.0,False,,False,True,16.8,50.2,1001.4,False,32.3,76,1.8
0 days 01:37:40.604000,VER,33,0 days 00:01:19.422000,62.0,2.0,,,0 days 00:00:22.702000,0 days 00:00:29.776000,0 days 00:00:26.944000,0 days 01:36:43.911000,0 days 01:37:13.687000,0 days 01:37:40.631000,273.0,265.0,279.0,,True,MEDIUM,28.0,True,Red Bull Racing,0 days 01:36:21.182000,2018-05-13 14:42:28.006,1,3.0,False,,False,True,17.0,49.1,1001.5,False,32.4,52,2.4
0 days 01:39:00.058000,VER,33,0 days 00:01:19.454000,63.0,2.0,,,0 days 00:00:22.765000,0 days 00:00:29.817000,0 days 00:00:26.872000,0 days 01:38:03.396000,0 days 01:38:33.213000,0 days 01:39:00.085000,268.0,264.0,281.0,,False,MEDIUM,29.0,True,Red Bull Racing,0 days 01:37:40.604000,2018-05-13 14:43:47.428,1,3.0,False,,False,True,17.1,49.6,1001.6,False,31.6,65,2.3
0 days 01:40:19.844000,VER,33,0 days 00:01:19.786000,64.0,2.0,,,0 days 00:00:22.728000,0 days 00:00:30.179000,0 days 00:00:26.879000,0 days 01:39:22.813000,0 days 01:39:52.992000,0 days 01:40:19.871000,269.0,256.0,279.0,,False,MEDIUM,30.0,True,Red Bull Racing,0 days 01:39:00.058000,2018-05-13 14:45:06.882,1,3.0,False,,False,True,17.0,49.5,1001.6,False,30.9,90,2.3
0 days 01:41:40.038000,VER,33,0 days 00:01:20.194000,65.0,2.0,,,0 days 00:00:22.789000,0 days 00:00:30.325000,0 days 00:00:27.080000,0 days 01:40:42.660000,0 days 01:41:12.985000,0 days 01:41:40.065000,262.0,249.0,279.0,302.0,False,MEDIUM,31.0,True,Red Bull Racing,0 days 01:40:19.844000,2018-05-13 14:46:26.668,1,3.0,False,,False,True,16.9,49.5,1001.5,False,30.7,99,2.3
0 days 00:21:53.828000,SIR,35,0 days 00:01:29.102000,7.0,2.0,,,0 days 00:00:25.514000,0 days 00:00:33.724000,0 days 00:00:29.864000,0 days 00:20:50.244000,0 days 00:21:23.968000,0 days 00:21:53.832000,240.0,225.0,277.0,314.0,True,MEDIUM,3.0,True,Williams,0 days 00:20:24.726000,2018-05-13 13:26:31.550,1,16.0,False,,False,True,16.7,51.5,1001.3,False,36.6,37,0.9
0 days 00:23:20.300000,SIR,35,0 days 00:01:26.472000,8.0,2.0,,,0 days 00:00:24.412000,0 days 00:00:32.613000,0 days 00:00:29.447000,0 days 00:22:18.244000,0 days 00:22:50.857000,0 days 00:23:20.304000,244.0,244.0,276.0,310.0,True,MEDIUM,4.0,True,Williams,0 days 00:21:53.828000,2018-05-13 13:28:00.652,1,16.0,False,,False,True,16.3,50.9,1001.4,False,36.7,52,1.0
0 days 00:43:07.242000,SIR,35,0 days 00:01:23.907000,22.0,2.0,,,0 days 00:00:23.485000,0 days 00:00:31.568000,0 days 00:00:28.854000,0 days 00:42:06.824000,0 days 00:42:38.392000,0 days 00:43:07.246000,263.0,268.0,279.0,312.0,True,MEDIUM,18.0,True,Williams,0 days 00:41:43.335000,2018-05-13 13:47:50.159,1,13.0,False,,False,True,15.7,52.8,1001.5,False,29.7,57,2.5
0 days 01:05:57.876000,SIR,35,0 days 00:01:22.756000,38.0,3.0,,,0 days 00:00:23.383000,0 days 00:00:30.996000,0 days 00:00:28.377000,0 days 01:04:58.507000,0 days 01:05:29.503000,0 days 01:05:57.880000,274.0,272.0,278.0,,True,MEDIUM,16.0,False,Williams,0 days 01:04:35.120000,2018-05-13 14:10:41.944,1,16.0,False,,False,True,15.9,51.7,1001.6,False,32.2,27,1.1
0 days 01:34:15.529000,SIR,35,0 days 00:01:22.680000,57.0,4.0,,,0 days 00:00:23.368000,0 days 00:00:31.001000,0 days 00:00:28.311000,0 days 01:33:16.221000,0 days 01:33:47.222000,0 days 01:34:15.533000,271.0,275.0,279.0,,True,SUPERSOFT,16.0,True,Williams,0 days 01:32:52.849000,2018-05-13 14:38:59.673,1,14.0,False,,False,True,16.9,49.5,1001.6,False,32.9,64,2.5
0 days 01:35:38.218000,SIR,35,0 days 00:01:22.689000,58.0,4.0,,,0 days 00:00:23.428000,0 days 00:00:30.999000,0 days 00:00:28.262000,0 days 01:34:38.961000,0 days 01:35:09.960000,0 days 01:35:38.222000,,272.0,279.0,,False,SUPERSOFT,17.0,True,Williams,0 days 01:34:15.529000,2018-05-13 14:40:22.353,1,14.0,False,,False,True,16.7,50.4,1001.5,False,32.4,279,2.2
0 days 01:37:06.564000,SIR,35,0 days 00:01:28.346000,59.0,4.0,,,0 days 00:00:25.822000,0 days 00:00:31.848000,0 days 00:00:30.676000,0 days 01:36:04.044000,0 days 01:36:35.892000,0 days 01:37:06.568000,254.0,270.0,289.0,260.0,False,SUPERSOFT,18.0,True,Williams,0 days 01:35:38.218000,2018-05-13 14:41:45.042,1,14.0,False,,False,True,17.0,49.1,1001.5,False,32.4,52,2.4
0 days 01:38:31.002000,SIR,35,0 days 00:01:24.438000,60.0,4.0,,,0 days 00:00:23.935000,0 days 00:00:31.659000,0 days 00:00:28.844000,0 days 01:37:30.503000,0 days 01:38:02.162000,0 days 01:38:31.006000,256.0,263.0,281.0,330.0,False,SUPERSOFT,19.0,True,Williams,0 days 01:37:06.564000,2018-05-13 14:43:13.388,1,14.0,False,,False,True,17.0,50.1,1001.6,False,32.3,64,2.2
0 days 01:39:53.704000,SIR,35,0 days 00:01:22.702000,61.0,4.0,,,0 days 00:00:23.343000,0 days 00:00:30.886000,0 days 00:00:28.473000,0 days 01:38:54.349000,0 days 01:39:25.235000,0 days 01:39:53.708000,272.0,276.0,283.0,312.0,False,SUPERSOFT,20.0,True,Williams,0 days 01:38:31.002000,2018-05-13 14:44:37.826,1,14.0,False,,False,True,17.1,49.6,1001.6,False,31.6,65,2.3
0 days 01:41:18.483000,SIR,35,0 days 00:01:24.779000,62.0,4.0,,,0 days 00:00:24.774000,0 days 00:00:31.372000,0 days 00:00:28.633000,0 days 01:40:18.482000,0 days 01:40:49.854000,0 days 01:41:18.487000,256.0,268.0,281.0,287.0,False,SUPERSOFT,21.0,True,Williams,0 days 01:39:53.704000,2018-05-13 14:46:00.528,1,14.0,False,,False,True,16.9,49.5,1001.5,False,30.7,99,2.3
0 days 01:42:41.806000,SIR,35,0 days 00:01:23.323000,63.0,4.0,,,0 days 00:00:23.415000,0 days 00:00:31.324000,0 days 00:00:28.584000,0 days 01:41:41.902000,0 days 01:42:13.226000,0 days 01:42:41.810000,267.0,266.0,281.0,311.0,False,SUPERSOFT,22.0,True,Williams,0 days 01:41:18.483000,2018-05-13 14:47:25.307,1,14.0,False,,False,True,16.9,49.5,1001.5,False,30.7,99,2.3
0 days 00:21:37.251000,HAM,44,0 days 00:01:22.990000,7.0,1.0,,,0 days 00:00:23.882000,0 days 00:00:31.102000,0 days 00:00:28.006000,0 days 00:20:38.155000,0 days 00:21:09.257000,0 days 00:21:37.263000,265.0,268.0,275.0,298.0,True,SOFT,8.0,False,Mercedes,0 days 00:20:14.261000,2018-05-13 13:26:21.085,1,1.0,False,,False,True,16.7,51.5,1001.3,False,36.6,37,0.9
0 days 00:22:58.882000,HAM,44,0 days 00:01:21.631000,8.0,1.0,,,0 days 00:00:23.229000,0 days 00:00:30.687000,0 days 00:00:27.715000,0 days 00:22:00.492000,0 days 00:22:31.179000,0 days 00:22:58.894000,271.0,261.0,276.0,300.0,True,SOFT,9.0,False,Mercedes,0 days 00:21:37.251000,2018-05-13 13:27:44.075,1,1.0,False,,False,True,16.3,50.9,1001.4,False,36.7,52,1.0
0 days 00:43:21.141000,HAM,44,0 days 00:01:21.045000,23.0,1.0,,,0 days 00:00:22.833000,0 days 00:00:30.557000,0 days 00:00:27.655000,0 days 00:42:22.941000,0 days 00:42:53.498000,0 days 00:43:21.153000,280.0,271.0,280.0,309.0,False,SOFT,24.0,False,Mercedes,0 days 00:42:00.096000,2018-05-13 13:48:06.920,1,1.0,False,,False,True,15.7,52.8,1001.5,False,29.7,57,2.5
0 days 01:06:40.193000,HAM,44,0 days 00:01:20.507000,40.0,2.0,,,0 days 00:00:22.860000,0 days 00:00:30.344000,0 days 00:00:27.303000,0 days 01:05:42.558000,0 days 01:06:12.902000,0 days 01:06:40.205000,277.0,275.0,279.0,304.0,False,MEDIUM,15.0,True,Mercedes,0 days 01:05:19.686000,2018-05-13 14:11:26.510,12,1.0,False,,False,True,15.9,51.7,1001.6,False,32.2,27,1.1
0 days 01:34:35.972000,HAM,44,0 days 00:01:21.819000,60.0,2.0,,,0 days 00:00:23.659000,0 days 00:00:30.209000,0 days 00:00:27.951000,0 days 01:33:37.824000,0 days 01:34:08.033000,0 days 01:34:35.984000,279.0,282.0,280.0,312.0,False,MEDIUM,35.0,True,Mercedes,0 days 01:33:14.153000,2018-05-13 14:39:20.977,1,1.0,False,,False,True,16.9,49.5,1001.6,False,32.9,64,2.5
0 days 01:35:56.442000,HAM,44,0 days 00:01:20.470000,61.0,2.0,,,0 days 00:00:22.848000,0 days 00:00:30.533000,0 days 00:00:27.089000,0 days 01:34:58.832000,0 days 01:35:29.365000,0 days 01:35:56.454000,276.0,277.0,279.0,,False,MEDIUM,36.0,True,Mercedes,0 days 01:34:35.972000,2018-05-13 14:40:42.796,1,1.0,False,,False,True,16.8,50.2,1001.4,False,32.3,76,1.8
0 days 01:37:15.594000,HAM,44,0 days 00:01:19.152000,62.0,2.0,,,0 days 00:00:22.689000,0 days 00:00:29.598000,0 days 00:00:26.865000,0 days 01:36:19.143000,0 days 01:36:48.741000,0 days 01:37:15.606000,280.0,280.0,281.0,307.0,True,MEDIUM,37.0,True,Mercedes,0 days 01:35:56.442000,2018-05-13 14:42:03.266,1,1.0,False,,False,True,17.0,49.1,1001.5,False,32.4,52,2.4
0 days 01:38:35.416000,HAM,44,0 days 00:01:19.822000,63.0,2.0,,,0 days 00:00:22.648000,0 days 00:00:29.851000,0 days 00:00:27.323000,0 days 01:37:38.254000,0 days 01:38:08.105000,0 days 01:38:35.428000,284.0,266.0,280.0,310.0,False,MEDIUM,38.0,True,Mercedes,0 days 01:37:15.594000,2018-05-13 14:43:22.418,1,1.0,False,,False,True,17.0,50.1,1001.6,False,32.3,64,2.2
0 days 01:39:54.549000,HAM,44,0 days 00:01:19.133000,64.0,2.0,,,0 days 00:00:22.423000,0 days 00:00:29.626000,0 days 00:00:27.084000,0 days 01:38:57.851000,0 days 01:39:27.477000,0 days 01:39:54.561000,282.0,283.0,289.0,308.0,True,MEDIUM,39.0,True,Mercedes,0 days 01:38:35.416000,2018-05-13 14:44:42.240,1,1.0,False,,False,True,17.0,49.5,1001.6,False,30.9,90,2.3
0 days 01:41:13.974000,HAM,44,0 days 00:01:19.425000,65.0,2.0,,,0 days 00:00:22.423000,0 days 00:00:29.990000,0 days 00:00:27.012000,,0 days 01:40:46.974000,0 days 01:41:13.986000,283.0,280.0,279.0,327.0,False,MEDIUM,40.0,True,Mercedes,0 days 01:39:54.549000,2018-05-13 14:46:01.373,1,1.0,False,,False,True,16.9,49.5,1001.5,False,30.7,99,2.3
0 days 00:21:38.719000,VET,5,0 days 00:01:23.604000,7.0,1.0,,,0 days 00:00:23.968000,0 days 00:00:31.421000,0 days 00:00:28.215000,0 days 00:20:39.100000,0 days 00:21:10.521000,0 days 00:21:38.736000,266.0,265.0,277.0,302.0,True,SOFT,9.0,False,Ferrari,0 days 00:20:15.115000,2018-05-13 13:26:21.939,1,2.0,False,,False,True,16.7,51.5,1001.3,False,36.6,37,0.9
0 days 00:23:00.978000,VET,5,0 days 00:01:22.259000,8.0,1.0,,,0 days 00:00:23.408000,0 days 00:00:30.908000,0 days 00:00:27.943000,0 days 00:22:02.144000,0 days 00:22:33.052000,0 days 00:23:00.995000,271.0,272.0,276.0,304.0,True,SOFT,10.0,False,Ferrari,0 days 00:21:38.719000,2018-05-13 13:27:45.543,1,2.0,False,,False,True,16.3,50.9,1001.4,False,36.7,52,1.0
0 days 00:43:54.213000,VET,5,0 days 00:01:21.226000,23.0,2.0,,,0 days 00:00:23.088000,0 days 00:00:30.443000,0 days 00:00:27.695000,0 days 00:42:56.092000,0 days 00:43:26.535000,0 days 00:43:54.230000,268.0,267.0,279.0,303.0,True,MEDIUM,6.0,True,Ferrari,0 days 00:42:32.987000,2018-05-13 13:48:39.811,1,5.0,False,,False,True,15.7,52.8,1001.5,False,29.7,57,2.5
0 days 01:06:53.126000,VET,5,0 days 00:01:21.265000,40.0,2.0,,,0 days 00:00:22.956000,0 days 00:00:30.565000,0 days 00:00:27.744000,0 days 01:05:54.834000,0 days 01:06:25.399000,0 days 01:06:53.143000,272.0,269.0,280.0,308.0,False,MEDIUM,23.0,True,Ferrari,0 days 01:05:31.861000,2018-05-13 14:11:38.685,12,2.0,False,,False,True,15.9,51.7,1001.6,False,32.2,27,1.1
0 days 01:35:04.343000,VET,5,0 days 00:01:19.819000,60.0,3.0,,,0 days 00:00:22.652000,0 days 00:00:29.735000,0 days 00:00:27.432000,0 days 01:34:07.193000,0 days 01:34:36.928000,0 days 01:35:04.360000,284.0,277.0,284.0,309.0,False,MEDIUM,19.0,True,Ferrari,0 days 01:33:44.524000,2018-05-13 14:39:51.348,1,4.0,False,,False,True,16.7,50.4,1001.5,False,32.4,279,2.2
0 days 01:36:23.471000,VET,5,0 days 00:01:19.128000,61.0,3.0,,,0 days 00:00:22.486000,0 days 00:00:29.453000,0 days 00:00:27.189000,0 days 01:35:26.846000,0 days 01:35:56.299000,0 days 01:36:23.488000,,283.0,286.0,,True,MEDIUM,20.0,True,Ferrari,0 days 01:35:04.343000,2018-05-13 14:41:11.167,1,4.0,False,,False,True,16.8,50.2,1001.4,False,32.3,76,1.8
0 days 01:37:43.375000,VET,5,0 days 00:01:19.904000,62.0,3.0,,,0 days 00:00:22.731000,0 days 00:00:29.797000,0 days 00:00:27.376000,0 days 01:36:46.219000,0 days 01:37:16.016000,0 days 01:37:43.392000,283.0,276.0,284.0,310.0,False,MEDIUM,21.0,True,Ferrari,0 days 01:36:23.471000,2018-05-13 14:42:30.295,1,4.0,False,,False,True,17.0,49.1,1001.5,False,32.4,52,2.4
0 days 01:39:03.142000,VET,5,0 days 00:01:19.767000,63.0,3.0,,,0 days 00:00:22.608000,0 days 00:00:29.766000,0 days 00:00:27.393000,0 days 01:38:06,0 days 01:38:35.766000,0 days 01:39:03.159000,284.0,285.0,286.0,309.0,False,MEDIUM,22.0,True,Ferrari,0 days 01:37:43.375000,2018-05-13 14:43:50.199,1,4.0,False,,False,True,17.1,49.6,1001.6,False,31.6,65,2.3
0 days 01:40:22.452000,VET,5,0 days 00:01:19.310000,64.0,3.0,,,0 days 00:00:22.562000,0 days 00:00:29.538000,0 days 00:00:27.210000,0 days 01:39:25.721000,0 days 01:39:55.259000,0 days 01:40:22.469000,,275.0,284.0,308.0,False,MEDIUM,23.0,True,Ferrari,0 days 01:39:03.142000,2018-05-13 14:45:09.966,1,4.0,False,,False,True,17.0,49.5,1001.6,False,30.9,90,2.3
0 days 01:41:42.311000,VET,5,0 days 00:01:19.859000,65.0,3.0,,,0 days 00:00:22.619000,0 days 00:00:29.693000,0 days 00:00:27.547000,0 days 01:40:45.088000,0 days 01:41:14.781000,0 days 01:41:42.328000,283.0,283.0,285.0,307.0,False,MEDIUM,24.0,True,Ferrari,0 days 01:40:22.452000,2018-05-13 14:46:29.276,1,4.0,False,,False,True,16.9,49.5,1001.5,False,30.7,99,2.3
0 days 00:21:46.024000,SAI,55,0 days 00:01:27.436000,7.0,1.0,,,0 days 00:00:24.835000,0 days 00:00:33.027000,0 days 00:00:29.574000,0 days 00:20:43.457000,0 days 00:21:16.484000,0 days 00:21:46.058000,233.0,226.0,278.0,312.0,True,SOFT,10.0,False,Renault,0 days 00:20:18.588000,2018-05-13 13:26:25.412,1,8.0,False,,False,True,16.7,51.5,1001.3,False,36.6,37,0.9
0 days 00:23:11.582000,SAI,55,0 days 00:01:25.558000,8.0,1.0,,,0 days 00:00:24.343000,0 days 00:00:32.299000,0 days 00:00:28.916000,0 days 00:22:10.401000,0 days 00:22:42.700000,0 days 00:23:11.616000,221.0,248.0,274.0,313.0,True,SOFT,11.0,False,Renault,0 days 00:21:46.024000,2018-05-13 13:27:52.848,1,8.0,False,,False,True,16.3,50.9,1001.4,False,36.7,52,1.0
0 days 01:06:44.244000,SAI,55,0 days 00:01:22.182000,39.0,2.0,,,0 days 00:00:23.557000,0 days 00:00:30.717000,0 days 00:00:27.908000,0 days 01:05:45.653000,0 days 01:06:16.370000,0 days 01:06:44.278000,262.0,257.0,274.0,300.0,True,MEDIUM,14.0,True,Renault,0 days 01:05:22.062000,2018-05-13 14:11:28.886,12,7.0,False,,False,True,15.9,51.7,1001.6,False,32.2,27,1.1
0 days 01:35:17.659000,SAI,55,0 days 00:01:21.856000,59.0,2.0,,,0 days 00:00:23.407000,0 days 00:00:30.553000,0 days 00:00:27.896000,0 days 01:34:19.244000,0 days 01:34:49.797000,0 days 01:35:17.693000,270.0,261.0,275.0,,False,MEDIUM,34.0,True,Renault,0 days 01:33:55.803000,2018-05-13 14:40:02.627,1,7.0,False,,False,True,16.7,50.4,1001.5,False,32.4,279,2.2
0 days 01:36:39.924000,SAI,55,0 days 00:01:22.265000,60.0,2.0,,,0 days 00:00:23.816000,0 days 00:00:30.762000,0 days 00:00:27.687000,0 days 01:35:41.509000,0 days 01:36:12.271000,0 days 01:36:39.958000,239.0,263.0,277.0,,False,MEDIUM,35.0,True,Renault,0 days 01:35:17.659000,2018-05-13 14:41:24.483,1,7.0,False,,False,True,16.8,50.2,1001.4,False,32.3,76,1.8
0 days 01:38:01.248000,SAI,55,0 days 00:01:21.324000,61.0,2.0,,,0 days 00:00:23.602000,0 days 00:00:30.233000,0 days 00:00:27.489000,0 days 01:37:03.560000,0 days 01:37:33.793000,0 days 01:38:01.282000,272.0,271.0,277.0,,True,MEDIUM,36.0,True,Renault,0 days 01:36:39.924000,2018-05-13 14:42:46.748,1,7.0,False,,False,True,17.0,50.1,1001.6,False,32.3,64,2.2
0 days 01:39:22.975000,SAI,55,0 days 00:01:21.727000,62.0,2.0,,,0 days 00:00:23.473000,0 days 00:00:30.320000,0 days 00:00:27.934000,0 days 01:38:24.755000,0 days 01:38:55.075000,0 days 01:39:23.009000,274.0,268.0,277.0,,False,MEDIUM,37.0,True,Renault,0 days 01:38:01.248000,2018-05-13 14:44:08.072,1,7.0,False,,False,True,17.1,49.6,1001.6,False,31.6,65,2.3
0 days 01:40:45.824000,SAI,55,0 days 00:01:22.849000,63.0,2.0,,,0 days 00:00:24.379000,0 days 00:00:30.646000,0 days 00:00:27.824000,0 days 01:39:47.388000,0 days 01:40:18.034000,0 days 01:40:45.858000,272.0,262.0,278.0,281.0,False,MEDIUM,38.0,True,Renault,0 days 01:39:22.975000,2018-05-13 14:45:29.799,1,7.0,False,,False,True,17.0,49.5,1001.6,False,30.9,90,2.3
0 days 01:42:07.445000,SAI,55,0 days 00:01:21.621000,64.0,2.0,,,0 days 00:00:23.423000,0 days 00:00:30.299000,0 days 00:00:27.899000,0 days 01:41:09.281000,0 days 01:41:39.580000,0 days 01:42:07.479000,278.0,265.0,278.0,302.0,False,MEDIUM,39.0,True,Renault,0 days 01:40:45.824000,2018-05-13 14:46:52.648,1,7.0,False,,False,True,16.9,49.5,1001.5,False,30.7,99,2.3
0 days 01:43:29.335000,SAI,55,0 days 00:01:21.890000,65.0,2.0,,,0 days 00:00:23.434000,0 days 00:00:30.582000,0 days 00:00:27.874000,0 days 01:42:30.913000,0 days 01:43:01.495000,0 days 01:43:29.369000,276.0,251.0,277.0,301.0,False,MEDIUM,40.0,True,Renault,0 days 01:42:07.445000,2018-05-13 14:48:14.269,1,7.0,False,,False,True,16.5,51.2,1001.6,False,29.8,62,2.4
0 days 00:21:40.881000,RAI,7,0 days 00:01:24.405000,7.0,1.0,,,0 days 00:00:24.199000,0 days 00:00:31.782000,0 days 00:00:28.424000,0 days 00:20:40.693000,0 days 00:21:12.475000,0 days 00:21:40.899000,260.0,244.0,276.0,306.0,True,SOFT,9.0,False,Ferrari,0 days 00:20:16.476000,2018-05-13 13:26:23.300,1,4.0,False,,False,True,16.7,51.5,1001.3,False,36.6,37,0.9
0 days 00:23:04.603000,RAI,7,0 days 00:01:23.722000,8.0,1.0,,,0 days 00:00:23.723000,0 days 00:00:31.552000,0 days 00:00:28.447000,0 days 00:22:04.622000,0 days 00:22:36.174000,0 days 00:23:04.621000,255.0,256.0,276.0,,True,SOFT,10.0,False,Ferrari,0 days 00:21:40.881000,2018-05-13 13:27:47.705,1,4.0,False,,False,True,16.3,50.9,1001.4,False,36.7,52,1.0
0 days 00:43:38.445000,RAI,7,0 days 00:01:21.531000,23.0,1.0,,,0 days 00:00:23.238000,0 days 00:00:30.598000,0 days 00:00:27.695000,0 days 00:42:40.170000,0 days 00:43:10.768000,0 days 00:43:38.463000,276.0,273.0,277.0,300.0,True,SOFT,25.0,False,Ferrari,0 days 00:42:16.914000,2018-05-13 13:48:23.738,1,2.0,False,,False,True,15.7,52.8,1001.5,False,29.7,57,2.5
0 days 00:21:39.649000,BOT,77,0 days 00:01:23.984000,7.0,1.0,,,0 days 00:00:23.937000,0 days 00:00:31.631000,0 days 00:00:28.416000,0 days 00:20:39.616000,0 days 00:21:11.247000,0 days 00:21:39.663000,255.0,251.0,280.0,318.0,True,SOFT,9.0,False,Mercedes,0 days 00:20:15.665000,2018-05-13 13:26:22.489,1,3.0,False,,False,True,16.7,51.5,1001.3,False,36.6,37,0.9
0 days 00:23:03.094000,BOT,77,0 days 00:01:23.445000,8.0,1.0,,,0 days 00:00:23.519000,0 days 00:00:31.230000,0 days 00:00:28.696000,0 days 00:22:03.182000,0 days 00:22:34.412000,0 days 00:23:03.108000,,254.0,278.0,314.0,True,SOFT,10.0,False,Mercedes,0 days 00:21:39.649000,2018-05-13 13:27:46.473,1,3.0,False,,False,True,16.3,50.9,1001.4,False,36.7,52,1.0
0 days 01:06:55.302000,BOT,77,0 days 00:01:21.257000,40.0,2.0,,,0 days 00:00:22.734000,0 days 00:00:30.398000,0 days 00:00:28.125000,0 days 01:05:56.793000,0 days 01:06:27.191000,0 days 01:06:55.316000,273.0,262.0,290.0,312.0,False,MEDIUM,21.0,True,Mercedes,0 days 01:05:34.045000,2018-05-13 14:11:40.869,12,3.0,False,,False,True,15.9,51.7,1001.6,False,32.2,27,1.1
0 days 01:34:53.182000,BOT,77,0 days 00:01:20.006000,60.0,2.0,,,0 days 00:00:22.560000,0 days 00:00:29.949000,0 days 00:00:27.497000,0 days 01:33:55.750000,0 days 01:34:25.699000,0 days 01:34:53.196000,278.0,280.0,281.0,309.0,False,MEDIUM,41.0,True,Mercedes,0 days 01:33:33.176000,2018-05-13 14:39:40.000,1,2.0,False,,False,True,16.9,49.5,1001.6,False,32.9,64,2.5
0 days 01:36:13.001000,BOT,77,0 days 00:01:19.819000,61.0,2.0,,,0 days 00:00:22.720000,0 days 00:00:29.777000,0 days 00:00:27.322000,0 days 01:35:15.916000,0 days 01:35:45.693000,0 days 01:36:13.015000,,277.0,283.0,,False,MEDIUM,42.0,True,Mercedes,0 days 01:34:53.182000,2018-05-13 14:41:00.006,1,2.0,False,,False,True,16.8,50.2,1001.4,False,32.3,76,1.8
0 days 01:37:32.873000,BOT,77,0 days 00:01:19.872000,62.0,2.0,,,0 days 00:00:22.502000,0 days 00:00:29.770000,0 days 00:00:27.600000,0 days 01:36:35.517000,0 days 01:37:05.287000,0 days 01:37:32.887000,281.0,277.0,283.0,,False,MEDIUM,43.0,True,Mercedes,0 days 01:36:13.001000,2018-05-13 14:42:19.825,1,2.0,False,,False,True,17.0,49.1,1001.5,False,32.4,52,2.4
0 days 01:38:52.931000,BOT,77,0 days 00:01:20.058000,63.0,2.0,,,0 days 00:00:22.527000,0 days 00:00:29.964000,0 days 00:00:27.567000,0 days 01:37:55.414000,0 days 01:38:25.378000,0 days 01:38:52.945000,,274.0,283.0,310.0,False,MEDIUM,44.0,True,Mercedes,0 days 01:37:32.873000,2018-05-13 14:43:39.697,1,2.0,False,,False,True,17.0,50.1,1001.6,False,32.3,64,2.2
0 days 01:40:13.352000,BOT,77,0 days 00:01:20.421000,64.0,2.0,,,0 days 00:00:22.517000,0 days 00:00:30.104000,0 days 00:00:27.800000,0 days 01:39:15.462000,0 days 01:39:45.566000,0 days 01:40:13.366000,280.0,264.0,283.0,309.0,False,MEDIUM,45.0,True,Mercedes,0 days 01:38:52.931000,2018-05-13 14:44:59.755,1,2.0,False,,False,True,17.0,49.5,1001.6,False,30.9,90,2.3
0 days 01:41:34.482000,BOT,77,0 days 00:01:21.130000,65.0,2.0,,,0 days 00:00:22.685000,0 days 00:00:30.229000,0 days 00:00:28.216000,0 days 01:40:36.051000,0 days 01:41:06.280000,0 days 01:41:34.496000,276.0,257.0,290.0,,False,MEDIUM,46.0,True,Mercedes,0 days 01:40:13.352000,2018-05-13 14:46:20.176,1,2.0,False,,False,True,16.9,49.5,1001.5,False,30.7,99,2.3
0 days 00:21:52.753000,ERI,9,0 days 00:01:28.655000,7.0,1.0,,,0 days 00:00:25.657000,0 days 00:00:33.106000,0 days 00:00:29.892000,0 days 00:20:49.766000,0 days 00:21:22.872000,0 days 00:21:52.764000,240.0,229.0,276.0,307.0,True,MEDIUM,6.0,True,Sauber,0 days 00:20:24.098000,2018-05-13 13:26:30.922,1,15.0,False,,False,True,16.7,51.5,1001.3,False,36.6,37,0.9
0 days 00:23:18.783000,ERI,9,0 days 00:01:26.030000,8.0,1.0,,,0 days 00:00:24.221000,0 days 00:00:32.219000,0 days 00:00:29.590000,0 days 00:22:16.985000,0 days 00:22:49.204000,0 days 00:23:18.794000,260.0,238.0,276.0,,True,MEDIUM,7.0,True,Sauber,0 days 00:21:52.753000,2018-05-13 13:27:59.577,1,15.0,False,,False,True,16.3,50.9,1001.4,False,36.7,52,1.0
0 days 00:43:05.698000,ERI,9,0 days 00:01:24.217000,22.0,1.0,,,0 days 00:00:23.738000,0 days 00:00:31.630000,0 days 00:00:28.849000,0 days 00:42:05.230000,0 days 00:42:36.860000,0 days 00:43:05.709000,274.0,263.0,277.0,308.0,False,MEDIUM,21.0,True,Sauber,0 days 00:41:41.481000,2018-05-13 13:47:48.305,1,12.0,False,,False,True,15.7,52.8,1001.5,False,29.7,57,2.5
0 days 01:34:34.704000,ERI,9,0 days 00:01:23.290000,58.0,2.0,,,0 days 00:00:23.746000,0 days 00:00:31.075000,0 days 00:00:28.469000,0 days 01:33:35.171000,0 days 01:34:06.246000,0 days 01:34:34.715000,275.0,267.0,277.0,,False,SOFT,23.0,True,Sauber,0 days 01:33:11.414000,2018-05-13 14:39:18.238,1,12.0,False,,False,True,16.9,49.5,1001.6,False,32.9,64,2.5
0 days 01:35:58.962000,ERI,9,0 days 00:01:24.258000,59.0,2.0,,,0 days 00:00:23.528000,0 days 00:00:31.991000,0 days 00:00:28.739000,0 days 01:34:58.243000,0 days 01:35:30.234000,0 days 01:35:58.973000,271.0,262.0,280.0,306.0,False,SOFT,24.0,True,Sauber,0 days 01:34:34.704000,2018-05-13 14:40:41.528,1,12.0,False,,False,True,16.7,50.4,1001.5,False,32.4,279,2.2
0 days 01:37:21.623000,ERI,9,0 days 00:01:22.661000,60.0,2.0,,,0 days 00:00:23.364000,0 days 00:00:30.820000,0 days 00:00:28.477000,0 days 01:36:22.337000,0 days 01:36:53.157000,0 days 01:37:21.634000,279.0,275.0,280.0,311.0,False,SOFT,25.0,True,Sauber,0 days 01:35:58.962000,2018-05-13 14:42:05.786,1,12.0,False,,False,True,17.0,49.1,1001.5,False,32.4,52,2.4
0 days 01:38:44.469000,ERI,9,0 days 00:01:22.846000,61.0,2.0,,,0 days 00:00:23.431000,0 days 00:00:30.939000,0 days 00:00:28.476000,0 days 01:37:45.065000,0 days 01:38:16.004000,0 days 01:38:44.480000,277.0,274.0,280.0,308.0,False,SOFT,26.0,True,Sauber,0 days 01:37:21.623000,2018-05-13 14:43:28.447,1,12.0,False,,False,True,17.0,50.1,1001.6,False,32.3,64,2.2
0 days 01:40:09.260000,ERI,9,0 days 00:01:24.791000,62.0,2.0,,,0 days 00:00:24.375000,0 days 00:00:31.448000,0 days 00:00:28.968000,0 days 01:39:08.855000,0 days 01:39:40.303000,0 days 01:40:09.271000,270.0,263.0,281.0,,False,SOFT,27.0,True,Sauber,0 days 01:38:44.469000,2018-05-13 14:44:51.293,1,13.0,False,,False,True,17.0,49.5,1001.6,False,30.9,90,2.3
0 days 01:41:33.757000,ERI,9,0 days 00:01:24.497000,63.0,2.0,,,0 days 00:00:24.450000,0 days 00:00:31.390000,0 days 00:00:28.657000,0 days 01:40:33.721000,0 days 01:41:05.111000,0 days 01:41:33.768000,275.0,261.0,281.0,309.0,False,SOFT,28.0,True,Sauber,0 days 01:40:09.260000,2018-05-13 14:46:16.084,1,13.0,False,,False,True,16.9,49.5,1001.5,False,30.7,99,2.3
0 days 01:42:58.298000,ERI,9,0 days 00:01:24.541000,64.0,2.0,,,0 days 00:00:24.334000,0 days 00:00:31.153000,0 days 00:00:29.054000,0 days 01:41:58.102000,0 days 01:42:29.255000,0 days 01:42:58.309000,269.0,259.0,274.0,,False,SOFT,29.0,True,Sauber,0 days 01:41:33.757000,2018-05-13 14:47:40.581,1,13.0,False,,False,True,16.9,49.5,1001.5,False,30.7,99,2.3
